Task ID,Start,Finish
0X26-001,0,345.0
O26-009,0,4.68225258
A26-001,345,862.5
A26-005,862,1232.9410114
A26-007,1339,1531.6804268
C26-001,862,1050.5179749
D26-001,862,1158.7528092
S26-001,862,1293.25
A26-006,1232,1339.6496178
A26-008,1684,1728.72074197
A26-009,1531,1684.3354113999999
C26-002,1050,1100.08723101
C26-004,1100,1279.835065
C26-006,1948,2127.835065
C26-007,1279,1375.47717531
"M26-001[D26-002,S26-013]",1158,1386.1555496147398
S26-003,2146,2499.2277056
S26-017,3250,3357.6496178
X26-001,2146,2301.0526032
"M26-002[A26-002,A26-003,S26-002,X26-002]",2771,4619.6302608231745
"M26-003[D26-003,S26-014]",1386,2068.726414388214
O26-006,1279,1288.364505159
O26-007,2127,2136.364505159
O26-008,1375,1384.584336584
S26-005,2499,2667.4238784
"M26-004[S26-007,S26-008]",1339,2146.6947898636417
"M26-005[S26-009,S26-010]",3542,3897.1288989886452
S26-011,3389,3542.3354114
S26-018,3357,3389.76390377
A26-004,2667,2770.3684021
A26-010,2068,2559.8918374
B26-008,2136,2199.86478634
"M26-006[B26-011,O26-010,T26-013]",3051,3086.255733469068
C26-005,1375,1948.8738103
C26-008,2127,2306.835065
O26-002,2147,2175.75300975
O26-005,3389,3393.68225258
S26-006,2963,3016.66489037
S26-012,4065,4177.2825856
B26-002,2199,3016.7888607
B26-006,3571,3634.86478634
B26-007,1948,2091.5328237
B26-009,3016,3051.77659358
O26-003,4177,4191.04675774
S26-004,3016,3250.5668406
S26-015,2667,2963.7528092000002
S26-019,4177,4294.2834203
T26-011,2199,2262.15444244
"M26-007[B26-003,B26-004]",4288,4773.886818584734
D26-004,2963,3075.2825856
O26-001,3250,3269.16867317
T26-003,3298,3470.0156831
T26-004,3533,3570.03680523
T26-009,3710,3773.15444244
T26-010,2091,2189.67881632
T26-012,3051,3114.15444244
B26-010,3542,3571.81382798
C26-003,3269,3628.67013
O26-004,3075,3094.16867317
S26-016,3897,4065.3196204
T26-005,4773,4871.67881632
T26-006,4871,4925.2521886
T26-007,4925,4955.86400436
B26-001,3634,4288.9817493
B26-005,3094,3542.8523211
O26-012,4906,4955.14585565
T26-014,3571,3584.11808431
T26-001,4288,4406.4145796
T26-008,4493,4690.4950213
T26-002,4406,4473.81523575
"M26-008[O26-013,O26-014]",4955,5073.64633391642
T26-015,4955,4991.4550663
O26-011,5122,5131.364505159
S26-020,4991,5038.89858975
B26-012,5038,5073.77659358
O26-015,5073,5122.14585565
